{
  "Game": [
    {
      "Colors": ["Red", "Green", "Blue", "Yellow"],
      "LabelColor": "Red",
      "LabelText": "Blue",
      "Correct": "topLeft",
      "False": "botRight"
    },
    {
      "Colors": ["Red", "Blue", "Green", "Yellow"],
      "LabelColor": "Green",
      "LabelText": "Yellow",
      "Correct": "botRight",
      "False": "botLeft"
    },
    {
      "Colors": ["Green", "Red", "Purple", "Yellow"],
      "LabelColor": "Red",
      "LabelText": "Green",
      "Correct": "topRight",
      "False": "topLeft"
    },
    {
      "Colors": ["Blue", "Orange", "Green", "Red"],
      "LabelColor": "Green",
      "LabelText": "Red",
      "Correct": "botRight",
      "False": "botLeft"
    },
    {
      "Colors": ["Orange", "Green", "Blue", "Yellow"],
      "LabelColor": "Orange",
      "LabelText": "Blue",
      "Correct": "topLeft",
      "False": "botRight"
    },
    {
      "Colors": ["Red", "Purple", "Yellow", "Pink"],
      "LabelColor": "Purple",
      "LabelText": "Pink",
      "Correct": "topRight",
      "False": "botLeft"
    },
    {
      "Colors": ["Purple", "Orange", "Blue", "Green"],
      "LabelColor": "Green",
      "LabelText": "Blue",
      "Correct": "botLeft",
      "False": "botRight"
    },
    {
      "Colors": ["Cyan", "Pink", "Purple", "Orange"],
      "LabelColor": "Cyan",
      "LabelText": "Purple",
      "Correct": "topLeft",
      "False": "botRight"
    },
    {
      "Colors": ["Blue", "Red", "Orange", "Cyan"],
      "LabelColor": "Blue",
      "LabelText": "Cyan",
      "Correct": "topLeft",
      "False": "botLeft"
    }
  ]
}